InvoiceNo,StockCode,Description,Quantity,InvoiceDate,UnitPrice,CustomerID,Country
536365,85123A,WHITE HANGING HEART T-LIGHT HOLDER,6,12/1/2010 8:26,2.55,17850,United Kingdom
536365,71053,WHITE METAL LANTERN,6,12/1/2010 8:26,3.39,17850,United Kingdom
536365,84406B,CREAM CUPID HEARTS COAT HANGER,8,12/1/2010 8:26,2.75,17850,United Kingdom
536366,22633,HAND WARMER UNION JACK,6,12/1/2010 8:28,1.85,17850,United Kingdom
536367,84879,ASSORTED COLOUR BIRD ORNAMENT,32,12/1/2010 8:34,1.69,13047,United Kingdom
536367,22745,POPPY'S PLAYHOUSE BEDROOM ,6,12/1/2010 8:34,2.1,13047,United Kingdom
536367,22745,POPPY'S PLAYHOUSE BEDROOM,6,12/1/2010 8:34,2.1,13047,United Kingdom
536367,48187,DOORMAT NEW ENGLAND,4,12/1/2010 8:34,7.95,13047,United Kingdom
536367,48187,DOORMAT NEW ENGLAND,2,12/1/2010 8:34,7.95,13047,United Kingdom
536368,22960,JAM MAKING SET WITH JARS,6,12/1/2010 8:34,4.25,13047,United Kingdom
536370,22728,ALARM CLOCK BAKELIKE PINK,24,12/1/2010 8:45,3.75,12583,France
536370,22727,ALARM CLOCK BAKELIKE RED ,24,12/1/2010 8:45,3.75,12583,France
536370,POST,POSTAGE,3,12/1/2010 8:45,18,12583,France
C536379,D,Discount,-1,12/1/2010 9:41,27.5,14527,United Kingdom
C536383,35004C,SET OF 3 COLOURED  FLYING DUCKS,-1,12/1/2010 9:49,4.65,15311,United Kingdom
536381,22719,GUMBALL MONOCHROME COAT RACK,36,12/1/2010 9:41,1.06,15311,United Kingdom
536389,22941,CHRISTMAS LIGHTS 10 REINDEER,6,12/1/2010 10:03,8.5,12431,Australia
536389,21622,VINTAGE UNION JACK CUSHION COVER,8,12/1/2010 10:03,4.95,12431,Australia
536390,22941,CHRISTMAS LIGHTS 10 REINDEER,2,13/45/2010 10:19,8.5,17511,United Kingdom
536414,22139,,56,12/1/2010 11:52,0,,United Kingdom
536527,22809,SET OF 6 T-LIGHTS SANTA,6,12/1/2010 13:04,2.95,12662,Germany
536527,84945,MULTI COLOUR SILVER T-LIGHT HOLDER,12,12/1/2010 13:04,0.85,12662,Germany
536544,21773,DECORATIVE ROSE BATHROOM BOTTLE,1,12/1/2010 14:32,2.51,,United Kingdom
536840,22652,TRAVEL SEWING KIT,10,12/2/2010 18:27,1.65,12738,Germany
536847,22155,STAR DECORATION RUSTIC,48,12/2/2010 9:31,0.42,17135,United Kingdom
536847,22065,CHRISTMAS PUDDING TRINKET POT ,24,12/2/2010 9:31,1.45,17135,United Kingdom
536863,22593,CHRISTMAS GINGHAM STAR,12,12/3/2010 11:19,0.85,17967,United Kingdom
536863,22086,PAPER CHAIN KIT 50'S CHRISTMAS ,40,12/3/2010 11:19,2.55,17967,United Kingdom
536974,22423,REGENCY CAKESTAND 3 TIER,2,12/3/2010 14:20,12.75,12471,Germany
536975,22423,REGENCY CAKESTAND 3 TIER,1,12/3/2010 14:21,12.75,12471,Germany
536976,21756,BATH BUILDING BLOCK WORD,-6,12/3/2010 14:30,5.95,15983,United Kingdom
536977,85099B,JUMBO BAG RED RETROSPOT,10,12/3/2010 14:40,1.95,14911,EIRE
