id_venta,fecha,cliente,producto,categoria,cantidad,precio_unitario,sucursal
1001,2026-09-01,  Juan Pérez ,Notebook Lenovo,Electrónica,1,850000,Centro
1002,2026-09-01,María Gómez,Mouse Logitech,electrónica,2,15000,Palermo
1003,2026-09-02,Carlos Ruiz,Silla Ergonómica,Muebles,1,230000,Centro
1004,2026-09-02,ana lópez,Escritorio,MUEBLES,1,310000,Belgrano
1005,2026-09-03,Pedro Díaz,Monitor Samsung 24,Electrónica,2,195000,Palermo
1005,2026-09-03,Pedro Díaz,Monitor Samsung 24,Electrónica,2,195000,Palermo
1006,2026-09-03,Lucía Fernández,Teclado Mecánico,Electrónica,1,,Centro
1007,2026-09-04,Martín Sosa,Lámpara LED,Hogar,3,18000,Belgrano
1008,fecha-invalida,Sofía Romero,Cafetera,Hogar,1,95000,Centro
1009,2026-09-05,Diego Torres,Auriculares Sony,Electrónica,-1,120000,Palermo
1010,2026-09-05,Valentina Castro,Biblioteca,Muebles,1,145000,Belgrano
1011,2026-09-06,Juan Pérez,Mouse Logitech,Electrónica,1,15000,Centro
1012,2026-09-06,,Licuadora,Hogar,1,60000,Palermo
1013,2026-09-07,María Gómez,Notebook Lenovo,Electrónica,1,850000,Palermo
1014,2026-09-07,Carlos Ruiz,Lámpara LED,hogar,2,18000,Centro
1015,2026-09-08,Ana López,Silla Ergonómica,Muebles,2,230000,Belgrano
1016,2026-09-08,Pedro Díaz,Cafetera,Hogar,1,95000,Palermo
1017,2026-09-09,Lucía Fernández,Monitor Samsung 24,Electrónica,1,195000,Centro
1018,2026-09-09,Martín Sosa,Escritorio,Muebles,1,310000,Belgrano
1019,2026-09-10,Sofía Romero,Auriculares Sony,Electrónica,2,120000,Centro
1020,2026-09-10,Diego Torres,Licuadora,Hogar,1,60000,Palermo
